Group,Block_Type,Beta_Coefficient,Std_Error,T_Value,P_Value,Significant,Sample_Size
Explicit,Adaptation,-1.1383165398283852,0.2606823098652288,-4.366681192969666,1.261486448800993e-05,True,5338
Implicit,Adaptation,-0.37144528379842645,0.20044142586002406,-1.8531363075506206,0.0638628239697753,False,5649
Explicit,Baseline,0.05061760212441584,0.4936255138104002,0.1025425159524025,0.9183260678354136,False,849
Implicit,Baseline,-1.2697243032739056,0.6981322755390994,-1.818744595776526,0.06895040459147354,False,896
Explicit,Washout,-0.15430174614567355,0.47178637781719795,-0.3270585023238219,0.7436236376168142,False,891
Implicit,Washout,-0.9651634802720355,0.5428380991442925,-1.7779950998160947,0.07540465969216113,False,931
