Group,Block_Type,Beta_Coefficient,Std_Error,T_Value,P_Value,Significant,Sample_Size
Explicit,Adaptation,1.185770359201461,0.2466017934459278,4.808441749883153,1.5211133784247133e-06,True,5756
Implicit,Adaptation,0.18527420456190177,0.20046524286485357,0.9242210864793502,0.35537121912257186,False,6050
Explicit,Baseline,-0.06640093020064061,0.4531584691837145,-0.14652916080383588,0.883503671358247,False,940
Implicit,Baseline,0.7637220689549498,0.618413021705787,1.2349708724572979,0.21684134473960404,False,1009
Explicit,Washout,0.6850613750084527,0.4415310827711387,1.551558659718515,0.12076786130716086,False,961
Implicit,Washout,-0.17563785741829696,0.5174845877251679,-0.33940693420530793,0.7343031955560346,False,1009
