Group,Block_Type,Beta_Coefficient,Std_Error,T_Value,P_Value,Significant,Sample_Size
Explicit,Adaptation,1.103557421389547,0.26098455756340744,4.228439535628205,2.353177367428796e-05,True,5684
Implicit,Adaptation,0.7336917296463483,0.20572001298676804,3.5664577256931222,0.0003618391481450706,True,6034
Explicit,Baseline,0.19127929351193657,0.4760634096899859,0.4017937308739991,0.6878358362921486,False,929
Implicit,Baseline,1.422943354729843,0.6153892443776975,2.3122655583114256,0.020763053460926773,True,1010
Explicit,Washout,-0.5679912632023788,0.5265599218776515,-1.078683051260316,0.28072904374755114,False,951
Implicit,Washout,1.2872526505217314,0.5154599784881373,2.4972892256296793,0.012514683806608303,True,999
