Group,Block_Type,Beta_Coefficient,Std_Error,T_Value,P_Value,Significant,Sample_Size
Explicit,Adaptation,0.5444645486870251,0.2584901388065896,2.106326187918567,0.03517602802821039,True,5730
Implicit,Adaptation,0.2956842097444349,0.20267061224249028,1.4589397371073027,0.1445816948460543,False,6054
Explicit,Baseline,0.5665645179151302,0.45024542537626266,1.25834597306938,0.20826666168527164,False,939
Implicit,Baseline,0.07874666689136296,0.6060280315605968,0.12993898432153475,0.8966147007079899,False,1006
Explicit,Washout,-0.7420000841303259,0.49416896539110083,-1.5015108922169642,0.1332234715902555,False,957
Implicit,Washout,2.134020355188659,0.48208348913316723,4.4266613632129035,9.570279650867677e-06,True,1007
